FID,OBJECTID,Layer,Phase,Plot_Numbe,Plot_Type,Area_Acre,Area_Sqm,Adjacent_P,Adjacent_R,Availabili,Relationsh,Test,Shape_Leng,Shape_Area,Plot_Name,Plot_No_V1
1,1,00-Road-25-03-2022,Phase 1,RD 4,40 MT-ROW,0,82979.17, , ,NA, , ,4231.92560175,82994.7413414,Road, ,,
2,2,00-PLOT BOUNDARY-25-03-2022,Phase 1,19,Plot,16.51,66809.71,18,"RD-10, UC-2, UC-3",Yes, ,16.51,1175.04622079,66809.7138441,Yes,19,,
3,3,00-PLOT BOUNDARY-25-03-2022,Phase 1,17,Plot,4.65,18812.23,"16, 18",RD-10,Yes, ,4.65,555.636228403,18812.2282936,Yes,17,,
4,4,00-PLOT BOUNDARY-25-03-2022,Phase 1,18,Plot,6.27,25371.12,"17, 19",RD-10,Yes, ,6.27,662.159375522,25371.1202724,Yes,18,,
5,5,0,Phase 1,7,Plot,18.7,75668.15,"1, 2, 3, 6, 8",RD-2,Yes, ,18.7,1195.77506966,75668.1538196,Yes,7,,
6,6,0,Phase 1,8,Plot,21.77,88119.01,"1, 2, 7",RD-2,Yes, ,21.77,1303.08595112,88119.0069504,Yes,8,,
7,7,0,Phase 1,1,Plot,16.96,68650.03,"2, 7, 8","RD-1, 120 MT-ROW",Yes, ,16.96,1144.00789364,68650.0281422,Yes,1,,
8,8,0,Phase 1,2,Plot,18.49,74820.65,"1, 3, 6, 7, 8",RD-1,Yes, ,18.49,1188.58228181,74820.6539262,Yes,2,,
9,9,00-PLOT BOUNDARY-25-03-2022,Phase 1,3,Plot,22.37,90533.84,"2, 4, 5, 6, 7",RD-1,Yes, ,22.37,1272.72357918,90533.8415319,Yes,3,,
10,10,00-PLOT BOUNDARY-25-03-2022,Phase 1,6,Plot,22.1,89430.11,"2, 3, 4, 5, 7",RD-2,Yes, ,22.1,1262.64669034,89430.1138147,Yes,6,,
11,11, ,Phase 1, ,Torrent High Tension Line,0,6854.76, , ,NA, , ,492.031343825,6854.7553351,Torrent High Tension Line, ,,
12,12, ,Phase 1,UC 9,8 MT-UC,0,3338.4, , ,NA, , ,865.840381525,3338.40340666,Road, ,,
13,13, ,Phase 1, ,Torrent High Tension Line,0,3785.67, , ,NA, , ,490.611589402,3785.66859589,Torrent High Tension Line, ,,
14,14,00-PLOT BOUNDARY-25-03-2022,Phase 1,4,Plot,21.21,85820.65,"3, 5, 6","RD-1, RD-4",Yes, ,21.21,1267.56896383,85820.6514004,Yes,4,,
15,15,00-PLOT BOUNDARY-25-03-2022,Phase 1,5,Plot,22.8,92263.18,"4, 6","RD-2, RD-4",Yes, ,22.8,1278.24583433,92263.1811016,Yes,5,,
16,16,0-Payal IP-Boundary 9 Mt Margin Line,Phase 1,GS,Green Space,0,11359.56, , ,NA, , ,1545.54119145,11359.5560673,Green Space, ,,
17,17,00-PLOT BOUNDARY-25-03-2022,Phase 1,11,Plot,10.8,43716.66,"9, 10, 12",RD-7,Yes, ,10.8,885.562017224,43716.6648808,Yes,11,,
18,18,00-PLOT BOUNDARY-25-03-2022,Phase 1,10,Plot,10.85,43908.41,"9, 11, 12",RD-6,Yes, ,10.85,886.901083759,43908.4075512,Yes,10,,
19,19,00-PLOT BOUNDARY-25-03-2022,Phase 1,12,Plot,10.88,44045.59,"9, 10, 11","RD-4, RD-7",Yes, ,10.88,888.46024971,44045.5906741,Yes,12,,
20,20,00-PLOT BOUNDARY-25-03-2022,Phase 1,9,Plot,11,44535.54,"10, 11, 12","RD-4, RD-6",Yes, ,11,889.076905026,44535.5416779,Yes,9,,
21,21,00-PLOT BOUNDARY-25-03-2022, , , ,0,0, , ,NA, , ,910.965359967,50026.8497393,No, ,,
22,22,00-PLOT BOUNDARY-25-03-2022, , , ,0,0, , ,NA, , ,910.524072689,49967.2269578,No, ,,
23,23,0-Payal IP-Boundary 9 Mt Margin Line, ,GS,Green Space,0,0, , ,NA, , ,2286.85555262,20150.682749,Green Space, ,,
24,24,00-MASTER PLAN CANAL, , ,Canal,0,0, , ,NA, , ,1944.40834026,42367.9631586,Canal, ,,
25,25,00-MASTER PLAN CANAL, , ,Canal,0,0, , ,NA, , ,1607.45539229,29110.7011714,Canal, ,,
26,26,00-PLOT BOUNDARY-25-03-2022,Phase 1, , ,0,260756.74, , ,NA, , ,2738.83813325,260756.736596,No, ,,
27,27,00-PLOT BOUNDARY-25-03-2022,Phase 1,UP-5,SUMP,0,9446.97, , ,NA, , ,389.426900575,9446.97410804,Utility, ,,
28,28,00-PLOT BOUNDARY-25-03-2022,Phase 1,UP-7,ESR,0,9430.18, , ,NA, , ,388.999066657,9430.18185331,Utility, ,,
29,29,00-PLOT BOUNDARY-25-03-2022,Phase 1,UP-4,Pumping Station,0,9446.97, , ,NA, , ,389.426775378,9446.96717174,Utility, ,,
30,30,00-PLOT BOUNDARY-25-03-2022,Phase 1,UP-3,UP-3,0,9446.97, , ,NA, , ,389.42690651,9446.97286289,Utility, ,,
31,31,00-PLOT BOUNDARY-25-03-2022,Phase 1,UP-9,Drainage PS-1,0,10043.81, , ,NA, , ,409.665134899,10043.8139126,Utility, ,,
32,32,00-PLOT BOUNDARY-25-03-2022,Phase 1,20,Plot,7.98,32311.25,21,UC-9,Yes, ,7.98,841.540667708,32311.2484738,Yes,20,,
33,33,00-PLOT BOUNDARY-25-03-2022,Phase 1,21,Plot,3.04,12316.6,20,UC-9,Yes, ,3.04,490.545980615,12316.6049632,Yes,21,,
34,34,00-PLOT BOUNDARY-25-03-2022,Phase 1,16,Plot,2.91,11794.82,"15, 17",RD-10,Yes, ,2.91,441.752560614,11794.8153504,Yes,16,,
35,35,00-PLOT BOUNDARY-25-03-2022,Phase 1,15,Plot,1.09,4431.11,16,RD-10,Yes, ,1.09,270.185713664,4431.11013262,Yes,15,,
36,36,00-PLOT BOUNDARY-25-03-2022,Phase 1,13,Plot,20.05,81145.54,14,"RD-10, RD-11, MDR",Yes, ,20.05,1286.3862825,81145.5410844,Yes,13,,
37,38,00-PLOT BOUNDARY-25-03-2022,Phase 1, ,60 MT WIDE ROW,0,1382.31, , ,NA, , ,261.056716814,1382.30901537,Road, ,,
38,39,00-PLOT BOUNDARY-25-03-2022,Phase 1,RD 10,18 MT-ROW,0,27866.58, , ,NA, , ,3166.63332534,27866.5753652,Road, ,,
39,40,00-PLOT BOUNDARY-25-03-2022,Phase 1,60 MT WIDE ROW,60 MT WIDE ROW,0,122881.37, , ,NA, , ,4308.21116893,122881.369086,Road, ,,
40,41,00-PLOT BOUNDARY-25-03-2022,Phase 1,GS,Green Space,0,2860.87, , ,NA, , ,225.874131619,2873.54131226,Green Space, ,,
41,42,0-Payal IP-Boundary 9 Mt Margin Line,Phase 1,GS,Green Space,0,2194.31, , ,NA, , ,509.981399671,2194.31471382,Green Space, ,,
42,43,00-MASTER PLAN CANAL, , ,Canal,0,0, , ,NA, , ,731.36145226,13554.4418269,Canal, ,,
43,46,0-Payal IP-Boundary 9 Mt Margin Line, ,GS,Green Space,0,0, , ,NA, , ,656.758336093,4666.43003947,Green Space, ,,
44,47,0-Payal IP-Boundary 9 Mt Margin Line, ,GS,Green Space,0,0, , ,NA, , ,543.076327518,1945.12922991,Green Space, ,,
45,49,COMPOUND WALL, , ,Tornascent Care Institute,0,0, , ,NA, , ,678.367510883,20695.5833932,No, ,,
46,51,00-PLOT BOUNDARY-25-03-2022,Phase 1,UC 2,8 MT-UC,0,739.4, , ,NA, , ,205.995181465,739.396002931,Road, ,,
47,52,0-Payal IP-Boundary 9 Mt Margin Line,Phase 1,GS,Green Space,0,36704.13, , ,NA, , ,8106.69985299,36704.1266759,Green Space, ,,
48,53,00-PLOT BOUNDARY-25-03-2022,Phase 1,WB-5,Waterbody,0,107362.19, , ,NA, , ,1436.67316217,107362.187392,Waterbody, ,,
49,54,00-PLOT BOUNDARY-25-03-2022,Phase 1, , ,0,65136.71, , ,NA, , ,1073.9124509,65136.7071906,No, ,,
50,55,00-PLOT BOUNDARY-25-03-2022,Phase 1, ,Reserve for Tank Farm / Stem & Logistic,0,740320.33, , ,NA, , ,4780.9866262,740320.327198,No, ,,
51,56,00-pond,Phase 1,WB-2,Waterbody,0,68432.42, , ,NA, , ,1436.11037936,68432.4160005,Waterbody, ,,
52,57,00-PLOT BOUNDARY-25-03-2022,Phase 1,UC 3,8 MT-UC,0,1562.5, , ,NA, , ,413.564194198,1562.50453462,Road, ,,
53,58,00-PLOT BOUNDARY-25-03-2022,Phase 1,GS,Green Space,0,15338.63, , ,NA, , ,744.279183341,15338.6312859,Green Space, ,,
54,59,Site Office WALL,Phase 1,WB-6,Waterbody,0,6395.99, , ,NA, , ,361.990255954,6395.99421799,Waterbody, ,,
55,61,0-Payal IP-Boundary 9 Mt Margin Line,Phase 1,GS,Green Space,0,6316.21, , ,NA, , ,1428.35389051,6316.20514909,Green Space, ,,
56,62,0-Payal IP-Boundary 9 Mt Margin Line,Phase 1,GS,Green Space,0,155.09, , ,NA, , ,58.7611406888,155.091961479,Green Space, ,,
57,63,Luvara Canal,Phase 1, ,Luvara Branch Canal,0,249124.9, , ,NA, , ,4806.2053873,249124.900798,No, ,,
58,64,00-pond,Phase 1, , ,0,152.61, , ,NA, , ,113.260837135,152.614192167,No, ,,
59,65,0-Payal IP-Boundary 9 Mt Margin Line,Phase 1,GS,Green Space,0,1478.47, , ,NA, , ,640.912124058,1478.47308751,Green Space, ,,
60,66,0-Payal IP-Boundary 9 Mt Margin Line,Phase 1,GS,Green Space,0,364.94, , ,NA, , ,594.913503658,1487.27957308,Green Space, ,,
61,68,Site office road,Phase 1, , ,0,596.96, , ,NA, , ,112.815196992,596.964445586,No, ,,
62,69,Site office road,Phase 1, , ,0,343.08, , ,NA, , ,75.3045920632,343.078631198,No, ,,
63,70,Pond - Not in GOVT Record Srno, , ,Waterbody,0,0, , ,NA, , ,193.474810509,2470.44733558,Waterbody, ,,
64,71,Pond - Not in GOVT Record Srno, ,GS,Green Space,0,0, , ,NA, , ,406.493380493,536.40312665,No, ,,
65,73,00-pond,Phase 1,WB-1,Waterbody,0,33286.69, , ,NA, , ,967.424486767,33286.6923353,Waterbody, ,,
66,74,Site Office Buld,Phase 1, , ,0,468.64, , ,NA, , ,84.4817176782,468.640821135,No, ,,
67,75,Site Office Buld,Phase 1, , ,0,467.35, , ,NA, , ,84.0504110681,467.346308008,No, ,,
68,77,00-pond, ,GS,Green Space,0,0, , ,NA, , ,497.774486615,1812.53922004,Green Space, ,,
69,78,00-pond, , ,Waterbody,0,0, , ,NA, , ,222.037906661,2092.71636354,Waterbody, ,,
70,79,00-pond, ,GS,Green Space,0,0, , ,NA, , ,447.896100928,1265.23591237,Green Space, ,,
71,80,00-pond, , ,Waterbody,0,0, , ,NA, , ,204.741496884,2893.96108821,Waterbody, ,,
72,82,00-pond, , ,Waterbody,0,0, , ,NA, , ,266.768389548,3580.71190008,Waterbody, ,,
73,83,00-pond, ,GS,Green Space,0,0, , ,NA, , ,534.978017267,48.1564853002,Green Space, ,,
74,84,00-pond, ,GS,Green Space,0,0, , ,NA, , ,643.832317049,193.145735,Green Space, ,,
75,85,00-pond, , ,Waterbody,0,0, , ,NA, , ,319.536254108,6291.04365711,Waterbody, ,,
76,86,00-pond, , ,Waterbody,0,0, , ,NA, , ,216.645544847,2953.57771403,Waterbody, ,,
77,87,0-Payal IP-Boundary 9 Mt Margin Line, ,GS,Green Space,0,0, , ,NA, , ,291.462240517,703.195990068,Green Space, ,,
78,88,0-Payal IP-Boundary 9 Mt Margin Line, ,GS,Green Space,0,0, , ,NA, , ,616.006686221,6737.70907364,Green Space, ,,
79,89,0-Payal IP-Boundary 9 Mt Margin Line, ,GS,Green Space,0,0, , ,NA, , ,4638.77700292,20766.1526667,Green Space, ,,
80,90,0-Payal IP-Boundary 9 Mt Margin Line, ,GS,Green Space,0,0, , ,NA, , ,1156.54889334,5121.1229642,No, ,,
81,91,0-Payal IP-Boundary 9 Mt Margin Line, ,GS,Green Space,0,0, , ,NA, , ,2403.43029557,10730.167134,Green Space, ,,
82,92,0-Payal IP-Boundary 9 Mt Margin Line, ,GS,Green Space,0,0, , ,NA, , ,4724.48679392,21180.9722761,Green Space, ,,
83,93,0-Payal IP-Boundary 9 Mt Margin Line, ,GS,Green Space,0,0, , ,NA, , ,5629.65275183,25251.2499953,Green Space, ,,
84,94,0-Payal IP-Boundary 9 Mt Margin Line, ,GS,Green Space,0,0, , ,NA, , ,1139.16476116,5041.95596046,Green Space, ,,
85,95,00-pond,Phase 1,WB-3,Waterbody,0,2072.41, , ,NA, , ,182.714561617,2072.41184593,Waterbody, ,,
86,96,00-pond,Phase 1,WB-4,Waterbody,0,4629.76, , ,NA, , ,277.917357368,4629.76015647,Waterbody, ,,
87,97,0-Payal IP-Boundary 9 Mt Margin Line,Phase 1,GS,Green Space,0,9251.25, , ,NA, , ,1864.34710705,9251.24577033,Green Space, ,,
88,98,0-Payal IP-Boundary 9 Mt Margin Line,Phase 1,GS,Green Space,0,2764.93, , ,NA, , ,646.236053768,2764.92938589,Green Space, ,,
89,99,0-Payal IP-Boundary 9 Mt Margin Line, ,GS,Green Space,0,0, , ,NA, , ,676.817928612,2961.95365328,Green Space, ,,
90,100,00-PLOT BOUNDARY-25-03-2022, , ,150 MT WIDE ROW,0,0, , ,NA, , ,857.807551565,26440.0013654,Road, ,,
91,101,00-PLOT BOUNDARY-25-03-2022, , , ,0,0, , ,NA, , ,1423.87759776,112021.159564,No, ,,
92,102,00-PLOT BOUNDARY-25-03-2022, , ,66 KVA-SS,0,0, , ,NA, , ,616.761486518,19533.7367364,Utility, ,,
93,103,00-PLOT BOUNDARY-25-03-2022, , , ,0,0, , ,NA, , ,1089.68210169,62003.040852,No, ,,
94,104,00-PLOT BOUNDARY-25-03-2022, , , ,0,0, , ,NA, , ,811.102536585,32890.1203637,No, ,,
95,105,00-PLOT BOUNDARY-25-03-2022, , ,24 MT-ROW,0,0, , ,NA, , ,931.921071951,10464.0768971,Road, ,,
96,106,00-PLOT BOUNDARY-25-03-2022, ,GS,Green Space,0,0, , ,NA, , ,2335.79156218,228942.853531,Green Space, ,,
97,107,00-PLOT BOUNDARY-25-03-2022, ,GS,Green Space,0,0, , ,NA, , ,980.828333009,18861.455605,Green Space, ,,
98,108,00-PLOT BOUNDARY-25-03-2022, , , ,0,0, , ,NA, , ,617.625262914,22928.4837611,No, ,,
99,109,00-PLOT BOUNDARY-25-03-2022, ,GS,Green Space,0,0, , ,NA, , ,821.382197606,15295.3870339,Green Space, ,,
100,110,00-PLOT BOUNDARY-25-03-2022, , , ,0,0, , ,NA, , ,882.187450015,48559.030636,No, ,,
101,111,00-PLOT BOUNDARY-25-03-2022, , , ,0,0, , ,NA, , ,1009.52356584,55985.9652451,No, ,,
102,112,00-PLOT BOUNDARY-25-03-2022, , , ,0,0, , ,NA, , ,668.257003946,23766.8424304,No, ,,
103,113,00-PLOT BOUNDARY-25-03-2022, , , ,0,0, , ,NA, , ,1785.78769402,183904.208575,No, ,,
104,114,00-PLOT BOUNDARY-25-03-2022, , ,66 KVA-SS,0,0, , ,NA, , ,567.430040189,18067.5900632,Utility, ,,
105,115,00-PLOT BOUNDARY-25-03-2022, ,GS,Green Space,0,0, , ,NA, , ,346.1653155,4949.61095341,Green Space, ,,
106,116,0-Payal IP-Boundary 9 Mt Margin Line,Phase 1,GS,Green Space,0,9131.78, , ,NA, , ,1250.7693541,9131.77688499,Green Space, ,,
107,118,0-Payal IP-Boundary 9 Mt Margin Line,Phase 1,GS,Green Space,0,248.76, , ,NA, , ,405.677540524,1014.19013919,Green Space, ,,
108,119,0-Payal IP-Boundary 9 Mt Margin Line,Phase 1,GS,Green Space,0,20204.81, , ,NA, , ,4508.95033312,20204.811578,Green Space, ,,
109,120,00-PLOT BOUNDARY-25-03-2022,Phase 1,PIP,PIP Office,0,21549.51, , ,NA, , ,1542.40066866,21574.6392098,Utility, ,,
110,121,00-PLOT BOUNDARY-25-03-2022,Phase 1, , ,0,166172.68, , ,NA, , ,1967.83396194,166172.677608,No, ,,
111,122,00-PLOT BOUNDARY-25-03-2022,Phase 1,GS,Green Space,0,3566.53, , ,NA, , ,262.356318332,3566.53045778,Green Space, ,,
112,123,00-PLOT BOUNDARY-25-03-2022,Phase 1,120 MT WIDE ROW,120 MT WIDE ROW,0,143590.97, , ,NA, , ,2961.22374303,143590.972714,Road, ,,
113,124,00-PLOT BOUNDARY-25-03-2022,Phase 1,RD 11,24 MT-ROW,0,8330.2, , ,NA, , ,744.055414891,8330.1989754,Road, ,,
114,125,00-PLOT BOUNDARY-25-03-2022,Phase 1,UC 2,8 MT-UC,0,2936.05, , ,NA, , ,751.337460891,2936.05390415,Road, ,,
115,126,00-PLOT BOUNDARY-25-03-2022,Phase 1, , ,0,41701.44, , ,NA, , ,1137.31944621,41701.4438535,No, ,,
116,127,00-PLOT BOUNDARY-25-03-2022,Phase 1, ,Torrent High Tension Line,0,1912.79, , ,NA, , ,202.741651931,1912.79299409,Torrent High Tension Line, ,,
117,128,00-PLOT BOUNDARY-25-03-2022,Phase 1, ,Torrent High Tension Line,0,12923.85, , ,NA, , ,814.245209484,12923.8454076,No, ,,
118,129,00-PLOT BOUNDARY-25-03-2022,Phase 1,UC 1,8 MT-UC,0,2971.2, , ,NA, , ,760.053491309,2971.19893157,Road, ,,
119,130,00-PLOT BOUNDARY-25-03-2022,Phase 1,GS,Green Space,0,4925.91, , ,NA, , ,615.366045466,4925.90613612,Green Space, ,,
120,131,00-PLOT BOUNDARY-25-03-2022,Phase 1, , ,0,248.69, , ,NA, , ,88.1532486822,248.693517137,No, ,,
121,132,00-PLOT BOUNDARY-25-03-2022,Phase 1,RD 8,24 MT-ROW,0,17755.61, , ,NA, , ,1536.8637536,17755.6118295,Road, ,,
122,133,00-PLOT BOUNDARY-25-03-2022,Phase 1,ONGC,ONGC Well,0,16759.38, , ,NA, , ,519.248389156,16759.3798066,ONGC, ,,
123,134,00-PLOT BOUNDARY-25-03-2022,Phase 1,120 MT WIDE ROW,120 MT WIDE ROW,0,48541.56, , ,NA, , ,1152.64112528,48541.561854,Road, ,,
124,135,00-Road-25-03-2022,Phase 1,MDR,MDR,0,32367.77, , ,NA, , ,2043.42193193,32367.7663806,Road, ,,
125,136,00-PLOT BOUNDARY-25-03-2022,Phase 1,GS,Green Space,0,2006.34, , ,NA, , ,309.006654107,2006.33566595,Green Space, ,,
126,137,0-Payal IP-Boundary 9 Mt Margin Line,Phase 1,GS,Green Space,0,18467.01, , ,NA, , ,2492.51538987,18467.0072261,Green Space, ,,
127,138,00-PLOT BOUNDARY-25-03-2022,Phase 1,UP-6,Pumping Station,0,22698.03, , ,NA, , ,603.233500562,22698.0272069,Utility, ,,
128,139,0-1 KM Circle,Phase 1,GS,Green Space,0,3600.5, , ,NA, , ,285.122565787,3600.49693258,Green Space, ,,
129,140,00-PLOT BOUNDARY-25-03-2022,Phase 1, , ,0,170901.96, , ,NA, , ,1722.02767617,170880.377064,No, ,,
130,141,00-PLOT BOUNDARY-25-03-2022, , ,Gail Pipe Line,0,0, , ,NA, , ,931.42806925,6669.14852774,Gail Pipe Line, ,,
131,142,00-PLOT BOUNDARY-25-03-2022, , , ,0,0, , ,NA, , ,1537.53481956,152375.546585,No, ,,
132,143,00-PLOT BOUNDARY-25-03-2022, , , ,0,0, , ,NA, , ,2056.1417909,151351.644175,No, ,,
133,144,00-PLOT BOUNDARY-25-03-2022, , , ,0,0, , ,NA, , ,2786.89363753,355121.95044,No, ,,
134,145,00-PLOT BOUNDARY-25-03-2022, , ,Gail Pipe Line,0,0, , ,NA, , ,79.1859022371,257.829122465,Gail Pipe Line, ,,
135,146,00-PLOT BOUNDARY-25-03-2022, , , ,0,0, , ,NA, , ,742.53580929,23747.8192037,No, ,,
136,147,00-PLOT BOUNDARY-25-03-2022, , ,60 MT WIDE ROW,0,0, , ,NA, , ,1803.48665579,48840.3705763,Road, ,,
137,148,00-PLOT BOUNDARY-25-03-2022, , , ,0,0, , ,NA, , ,1390.98682403,99089.3234802,No, ,,
138,149,00-PLOT BOUNDARY-25-03-2022, , , ,0,0, , ,NA, , ,840.970725268,36477.0537797,No, ,,
139,150,00-PLOT BOUNDARY-25-03-2022, , ,Gail Pipe Line,0,0, , ,NA, , ,290.383409985,1943.82530878,Gail Pipe Line, ,,
140,151,00-PLOT BOUNDARY-25-03-2022, , , ,0,0, , ,NA, , ,725.941983808,31432.8774899,No, ,,
141,152,00-PLOT BOUNDARY-25-03-2022, , ,Gail Pipe Line,0,0, , ,NA, , ,407.562669272,2826.87170201,Gail Pipe Line, ,,
142,153,00-PLOT BOUNDARY-25-03-2022, , , ,0,0, , ,NA, , ,1273.93309189,89796.240889,No, ,,
143,154,00-PLOT BOUNDARY-25-03-2022, , , ,0,0, , ,NA, , ,1096.75637854,49307.4715413,No, ,,
144,155,00-PLOT BOUNDARY-25-03-2022,Phase 1,UP-1,CETP & MEE,0,128781.79, , ,NA, , ,1457.447,128781.792409,Utility, ,,
145,156,00-Road-25-03-2022,Phase 1,RD 6,18 MT-ROW,0,9434.09, , ,NA, , ,1084.49841241,9434.08910655,Road, ,,
146,157,00-Road-25-03-2022,Phase 1,RD 7,24 MT-ROW,0,21792.84, , ,NA, , ,1864.91429173,21792.8447936,Road, ,,
147,158,00-Road-25-03-2022,Phase 1,RD 2,24 MT-ROW,0,21583.95, , ,NA, , ,1846.92569292,21583.9453286,Road, ,,
148,159,00-Road-25-03-2022,Phase 1,RD 1,24 MT-ROW,0,16597.47, , ,NA, , ,1431.49783822,16597.4747366,Road, ,,
149,160,00-Road-25-03-2022,Phase 1,RD 3,24 MT-ROW,0,13838.51, , ,NA, , ,1201.08546283,13838.5123672,Road, ,,
150,161,00-Road-25-03-2022,Phase 1,RD 9,18 MT-ROW,0,29530.36, , ,NA, , ,3337.84851866,29530.3572493,Road, ,,
151,162,00-Road-25-03-2022,Phase 1,RD 5,24 MT-ROW,0,10431.27, , ,NA, , ,917.607332823,10431.2706536,Road, ,,
152,163,00-PLOT BOUNDARY-25-03-2022, , ,Gail Pipe Line,0,0, , ,NA, , ,1427.57208534,10463.8027293,Gail Pipe Line, ,,
153,164,00-PLOT BOUNDARY-25-03-2022, , , ,0,0, , ,NA, , ,1354.13524473,74516.0166448,No, ,,
154,165,00-PLOT BOUNDARY-25-03-2022, , ,SUMP & ESR,0,0, , ,NA, , ,562.084892049,13145.4245951,Utility, ,,
155,166,00-PLOT BOUNDARY-25-03-2022, , ,Gail Pipe Line,0,0, , ,NA, , ,495.12238695,3457.19125776,Gail Pipe Line, ,,
156,167,00-PLOT BOUNDARY-25-03-2022, , ,45 MT WIDE ROW,0,0, , ,NA, , ,1079.43876462,22248.9139197,Road, ,,
157,168,00-PLOT BOUNDARY-25-03-2022, , , ,0,0, , ,NA, , ,1550.6804002,115289.891574,No, ,,
158,169,00-Road-25-03-2022,Phase 1,GS,Green Space,0,146170.3, , ,NA, , ,3595.99593685,146170.302194,Green Space, ,,
159,170,00-Road-25-03-2022,Phase 1, , ,0,346282.41, , ,NA, , ,3006.18822549,346282.410117,No, ,,
160,171,00-Road-25-03-2022,Phase 1, , ,0,439070.89, , ,NA, , ,2710.77288457,438917.542771,No, ,,
161,172,00-Road-25-03-2022,Phase 1, , ,0,693195.99, , ,NA, , ,4431.92315287,693195.991675,No, ,,
162,173,00-PLOT BOUNDARY-25-03-2022,Phase 1, , ,0,36810.5, , ,NA, , ,768.641507391,36810.5049979,No, ,,
163,174,00-PLOT BOUNDARY-25-03-2022,Phase 1,UP-8,220 KVA-S.S & 66 KVA-S.S,0,82459.1, , ,NA, , ,1234.75319402,82596.8975398,Utility, ,,
164,175,00-Road-25-03-2022,Phase 1,UP-2,Power UC,0,22967.65, , ,NA, , ,1228.45180964,22967.6501595,Utility, ,,
165,177,00-PLOT BOUNDARY-25-03-2022, , , ,0,0, , ,NA, , ,1205.50320736,80531.2881794,No, ,,
166,178,00-PLOT BOUNDARY-25-03-2022, , , ,0,0, , ,NA, , ,1274.70910293,87451.8763586,No, ,,
167,179,00-PLOT BOUNDARY-25-03-2022, , , ,0,0, , ,NA, , ,1224.62524487,78597.4275352,No, ,,
168,180,00-PLOT BOUNDARY-25-03-2022, , , ,0,0, , ,NA, , ,1268.31805275,69988.5630798,No, ,,
169,181,00-PLOT BOUNDARY-25-03-2022, , , ,0,0, , ,NA, , ,1284.24875404,88405.8411373,No, ,,
170,182,00-PLOT BOUNDARY-25-03-2022, , , ,0,0, , ,NA, , ,1207.8501561,70468.0226961,No, ,,
171,183,00-PLOT BOUNDARY-25-03-2022, , , ,0,0, , ,NA, , ,1258.54001172,79328.9082802,No, ,,
172,184,00-PLOT BOUNDARY-25-03-2022, , ,24 MT-ROW,0,0, , ,NA, , ,1461.4643307,16956.2026558,Road, ,,
173,185, ,Phase 1, , ,0,1666.9, , ,NA, , ,386.526354166,1666.9045425,No, ,,
174,186, ,Phase 1,GS,Green Space,0,5215.46, , ,NA, , ,663.553979776,5215.45588359,Green Space, ,,
175,187, ,Phase 1,GS,Green Space,0,852.08, , ,NA, , ,172.728021889,852.075043645,Green Space, ,,
176,188,00-PLOT BOUNDARY-25-03-2022, , ,220 KV High Tension Line,0,0, , ,NA, , ,3036.80765734,51893.9380268,220 KV High Tension Line, ,,
177,189,00-PLOT BOUNDARY-25-03-2022, ,GS,Green Space,0,0, , ,NA, , ,3253.69867422,151450.980433,Green Space, ,,
178,190,00-PLOT BOUNDARY-25-03-2022, ,GS,Green Space,0,0, , ,NA, , ,2265.71099721,70037.1366862,Green Space, ,,
179,191,00-PLOT BOUNDARY-25-03-2022, , ,150 MT WIDE ROW,0,0, , ,NA, , ,3169.24770659,182192.008738,Road, ,,
180,192,00-PLOT BOUNDARY-25-03-2022, ,GS,Green Space,0,0, , ,NA, , ,1858.76013741,13707.929229,Green Space, ,,
181,193,00-PLOT BOUNDARY-25-03-2022, , , ,0,0, , ,NA, , ,1222.60348794,92396.0576315,No, ,,
182,194,00-PLOT BOUNDARY-25-03-2022, , ,24 MT-ROW,0,0, , ,NA, , ,1129.64695469,12979.6037166,Road, ,,
183,195,00-PLOT BOUNDARY-25-03-2022, , ,24 MT-ROW,0,0, , ,NA, , ,1544.40218995,17952.7292666,Road, ,,
184,196,00-PLOT BOUNDARY-25-03-2022, ,GS,Green Space,0,0, , ,NA, , ,239.270520407,2343.52464599,Green Space, ,,
185,197,00-PLOT BOUNDARY-25-03-2022, , , ,0,0, , ,NA, , ,899.305887814,46500.2575772,No, ,,
186,198,00-PLOT BOUNDARY-25-03-2022, , , ,0,0, , ,NA, , ,1041.31917473,57870.9475131,No, ,,
187,199,00-PLOT BOUNDARY-25-03-2022, , ,Drainage PS-5,0,0, , ,NA, , ,531.175782414,12725.7528855,Utility, ,,
188,200,00-PLOT BOUNDARY-25-03-2022, , , ,0,0, , ,NA, , ,945.735116978,54204.5349788,No, ,,
189,201,00-PLOT BOUNDARY-25-03-2022, , ,24 MT-ROW,0,0, , ,NA, , ,9947.26391533,118779.511155,Road, ,,
190,202,00-PLOT BOUNDARY-25-03-2022, , , ,0,0, , ,NA, , ,584.516452203,21234.9959094,No, ,,
191,203,00-PLOT BOUNDARY-25-03-2022, , ,40 MT-ROW,0,0, , ,NA, , ,10292.8436679,204259.396608,Road, ,,
192,204,00-PLOT BOUNDARY-25-03-2022, , , ,0,0, , ,NA, , ,3374.39855461,346894.491473,No, ,,
193,205,00-PLOT BOUNDARY-25-03-2022, , ,8 MT-UC,0,0, , ,NA, , ,544.634466073,2088.17524756,Road, ,,
194,206,00-PLOT BOUNDARY-25-03-2022, , , ,0,0, , ,NA, , ,1112.01110844,50897.0883848,No, ,,
195,207,00-PLOT BOUNDARY-25-03-2022, , ,Torrent High Tension Line,0,0, , ,NA, , ,588.221340147,8819.33318788,Torrent High Tension Line, ,,
196,208,00-PLOT BOUNDARY-25-03-2022, ,GS,Green Space,0,0, , ,NA, , ,1574.7754371,11451.0717519,Green Space, ,,
197,209,00-PLOT BOUNDARY-25-03-2022, ,GS,Green Space,0,0, , ,NA, , ,559.564928007,3843.81406753,Green Space, ,,
198,210,00-PLOT BOUNDARY-25-03-2022, , ,8 MT-UC,0,0, , ,NA, , ,463.4021009,1763.6814625,Road, ,,
199,211,00-PLOT BOUNDARY-25-03-2022, , ,8 MT-UC,0,0, , ,NA, , ,1628.64216707,6419.67634176,Road, ,,
200,212,00-PLOT BOUNDARY-25-03-2022, , ,Torrent High Tension Line,0,0, , ,NA, , ,1708.61764694,28084.3063402,Torrent High Tension Line, ,,
201,213,00-PLOT BOUNDARY-25-03-2022, ,GS,Green Space,0,0, , ,NA, , ,1485.79695941,10780.1410344,Green Space, ,,
202,214,00-PLOT BOUNDARY-25-03-2022, ,GS,Green Space,0,0, , ,NA, , ,725.927467936,5096.37642399,Green Space, ,,
203,215,00-PLOT BOUNDARY-25-03-2022, , , ,0,0, , ,NA, , ,3962.83275692,582841.473533,No, ,,
204,216,00-PLOT BOUNDARY-25-03-2022, , , ,0,0, , ,NA, , ,1090.637792,74303.579435,No, ,,
205,217,00-PLOT BOUNDARY-25-03-2022, , , ,0,0, , ,NA, , ,791.130480423,31383.304992,No, ,,
206,218,00-PLOT BOUNDARY-25-03-2022, , , ,0,0, , ,NA, , ,620.494546471,23909.3849441,No, ,,
207,219,00-PLOT BOUNDARY-25-03-2022, , , ,0,0, , ,NA, , ,601.476634682,22600.1284207,No, ,,
208,220,00-PLOT BOUNDARY-25-03-2022, , , ,0,0, , ,NA, , ,601.770100183,22622.1926637,No, ,,
209,221,00-PLOT BOUNDARY-25-03-2022, ,GS,Green Space,0,0, , ,NA, , ,1848.90471464,109527.351418,Green Space, ,,
210,222,00-PLOT BOUNDARY-25-03-2022, , ,66.KVA-SS,0,0, , ,NA, , ,516.899468203,11477.5695348,Utility, ,,
211,223,00-PLOT BOUNDARY-25-03-2022, , , ,0,0, , ,NA, , ,1029.24593336,48132.3562862,No, ,,
212,224,00-PLOT BOUNDARY-25-03-2022, , ,TSDF,0,0, , ,NA, , ,1450.84366211,76558.2357318,Utility, ,,
213,226,00-PLOT BOUNDARY-25-03-2022, ,GS,Green Space,0,0, , ,NA, , ,194.851091135,1758.0237641,Green Space, ,,
214,227,00-PLOT BOUNDARY-25-03-2022, , ,18 MT-UC,0,0, , ,NA, , ,800.381873509,6710.85463401,Road, ,,
215,228,00-PLOT BOUNDARY-25-03-2022, , , ,0,0, , ,NA, , ,648.658266473,24856.4520962,No, ,,
216,229,00-PLOT BOUNDARY-25-03-2022, ,GS,Green Space,0,0, , ,NA, , ,1868.08320423,13735.7786806,Green Space, ,,
217,230,00-PLOT BOUNDARY-25-03-2022, , ,18 MT-UC,0,0, , ,NA, , ,516.846640644,4143.39662867,Road, ,,
218,231,00-PLOT BOUNDARY-25-03-2022, , ,Drainage PS-2,0,0, , ,NA, , ,446.944101067,8454.5474154,Utility, ,,
219,232,00-PLOT BOUNDARY-25-03-2022, , , ,0,0, , ,NA, , ,1012.04144592,47998.4616918,No, ,,
220,233,00-PLOT BOUNDARY-25-03-2022, , ,Drainage PS-4,0,0, , ,NA, , ,386.914193687,9339.9085718,Utility, ,,
221,234,00-PLOT BOUNDARY-25-03-2022, , ,Torrent High Tension Line,0,0, , ,NA, , ,630.075223754,9342.52988761,Torrent High Tension Line, ,,
222,235,00-PLOT BOUNDARY-25-03-2022, , , ,0,0, , ,NA, , ,1012.04134395,57338.3660504,No, ,,
223,236,00-PLOT BOUNDARY-25-03-2022, , , ,0,0, , ,NA, , ,1012.04134395,57338.3647744,No, ,,
224,237,00-PLOT BOUNDARY-25-03-2022, , ,SUMP & ESR,0,0, , ,NA, , ,595.40496487,15487.7815874,Utility, ,,
225,238,00-PLOT BOUNDARY-25-03-2022, , ,Drainage PS-3,0,0, , ,NA, , ,400.616537331,9388.99270984,Utility, ,,
226,240,00-PLOT BOUNDARY-25-03-2022, , ,18 MT-UC,0,0, , ,NA, , ,1469.87832771,12718.089223,Road, ,,
227,241,00-PLOT BOUNDARY-25-03-2022, , ,18 MT-UC,0,0, , ,NA, , ,1607.16144935,13945.5138885,Road, ,,
228,242,00-PLOT BOUNDARY-25-03-2022, , ,18 MT-UC,0,0, , ,NA, , ,1871.97439284,16505.4212623,Road, ,,
229,243,00-PLOT BOUNDARY-25-03-2022, , ,18 MT-UC,0,0, , ,NA, , ,1881.093678,16534.0660008,Road, ,,
230,245,00-PLOT BOUNDARY-25-03-2022, , , ,0,0, , ,NA, , ,1023.3249221,51380.441548,No, ,,
231,246,00-PLOT BOUNDARY-25-03-2022, , , ,0,0, , ,NA, , ,1281.28795259,100086.146809,No, ,,
232,247,00-PLOT BOUNDARY-25-03-2022, , , ,0,0, , ,NA, , ,1180.47347872,46082.3282176,No, ,,
233,248,00-PLOT BOUNDARY-25-03-2022, , ,Torrent High Tension Line,0,0, , ,NA, , ,106.130414475,505.516634144,Torrent High Tension Line, ,,
234,249,00-PLOT BOUNDARY-25-03-2022, , , ,0,0, , ,NA, , ,961.667095485,43521.8545261,No, ,,
235,250,00-PLOT BOUNDARY-25-03-2022, , , ,0,0, , ,NA, , ,958.774703386,53265.4042546,No, ,,
236,251,00-PLOT BOUNDARY-25-03-2022, , , ,0,0, , ,NA, , ,932.287711302,40992.7164605,No, ,,
237,252,00-PLOT BOUNDARY-25-03-2022, , , ,0,0, , ,NA, , ,805.871287921,40577.7514108,No, ,,
238,253,00-PLOT BOUNDARY-25-03-2022, , ,220 KV High Tension Line,0,0, , ,NA, , ,316.662074287,2950.8983243,220 KV High Tension Line, ,,
239,254,00-PLOT BOUNDARY-25-03-2022, , ,Gail Pipe Line,0,0, , ,NA, , ,1727.61554814,12579.274671,Gail Pipe Line, ,,
240,255,00-PLOT BOUNDARY-25-03-2022, , ,Gail Pipe Line,0,0, , ,NA, , ,926.562593077,6635.93596946,Gail Pipe Line, ,,
241,256,00-PLOT BOUNDARY-25-03-2022, , ,8 MT-UC,0,0, , ,NA, , ,1628.44680041,6418.90899698,Road, ,,
242,257,00-PLOT BOUNDARY-25-03-2022, , ,24 MT-ROW,0,0, , ,NA, , ,589.220083898,6494.36036144,Road, ,,
243,258,00-PLOT BOUNDARY-25-03-2022, , ,24 MT-ROW,0,0, , ,NA, , ,1129.91947679,12982.7587418,Road, ,,
244,259,00-PLOT BOUNDARY-25-03-2022, , ,24 MT-ROW,0,0, , ,NA, , ,1129.91957455,12982.7727761,Road, ,,
245,260,00-PLOT BOUNDARY-25-03-2022, , ,24 MT-ROW,0,0, , ,NA, , ,733.908689718,8230.62042252,Road, ,,
246,261,00-PLOT BOUNDARY-25-03-2022, , ,24 MT-ROW,0,0, , ,NA, , ,1129.91907688,12982.748016,Road, ,,
247,262,00-PLOT BOUNDARY-25-03-2022, , ,24 MT-ROW,0,0, , ,NA, , ,1129.64695469,12979.6188062,Road, ,,
248,263,00-PLOT BOUNDARY-25-03-2022, , ,24 MT-ROW,0,0, , ,NA, , ,1129.64695469,12979.613048,Road, ,,
249,264,00-PLOT BOUNDARY-25-03-2022, , ,24 MT-ROW,0,0, , ,NA, , ,841.764885397,9518.95534441,Road, ,,
250,265,00-PLOT BOUNDARY-25-03-2022, , ,24 MT-ROW,0,0, , ,NA, , ,1471.19492986,17073.8664509,Road, ,,
251,266,00-PLOT BOUNDARY-25-03-2022, , ,24 MT-ROW,0,0, , ,NA, , ,1448.63065161,16803.3907748,Road, ,,
252,267,00-PLOT BOUNDARY-25-03-2022, , ,24 MT-ROW,0,0, , ,NA, , ,2022.81048061,23693.2199477,Road, ,,
253,268,00-PLOT BOUNDARY-25-03-2022, , ,24 MT-ROW,0,0, , ,NA, , ,851.452288045,9640.93139322,Road, ,,
254,269,00-PLOT BOUNDARY-25-03-2022, , ,24 MT-ROW,0,0, , ,NA, , ,900.526529109,10224.6882933,Road, ,,
255,270,00-PLOT BOUNDARY-25-03-2022, , ,45 MT WIDE ROW,0,0, , ,NA, , ,1171.93936198,24342.7046244,Road, ,,
256,271,00-PLOT BOUNDARY-25-03-2022, , ,45 MT WIDE ROW,0,0, , ,NA, , ,1152.52780138,23905.0579167,Road, ,,
257,272,00-PLOT BOUNDARY-25-03-2022, , , ,0,0, , ,NA, , ,601.769900228,22622.1776398,No, ,,
258,273,00-PLOT BOUNDARY-25-03-2022, , , ,0,0, , ,NA, , ,1187.00565901,69651.2737813,No, ,,
259,274,00-PLOT BOUNDARY-25-03-2022, , , ,0,0, , ,NA, , ,791.864963652,33935.1330901,No, ,,
260,275,00-PLOT BOUNDARY-25-03-2022, , , ,0,0, , ,NA, , ,944.84038708,54603.7239134,No, ,,
261,276,00-PLOT BOUNDARY-25-03-2022, , , ,0,0, , ,NA, , ,1153.74967862,66148.0533604,No, ,,
262,277,00-PLOT BOUNDARY-25-03-2022, , , ,0,0, , ,NA, , ,1074.29195474,55871.6638937,No, ,,
263,278,00-PLOT BOUNDARY-25-03-2022, , , ,0,0, , ,NA, , ,1254.69778943,78728.5069029,No, ,,
264,279,00-PLOT BOUNDARY-25-03-2022, , , ,0,0, , ,NA, , ,949.630392556,54944.0032127,No, ,,
265,280,00-PLOT BOUNDARY-25-03-2022, , , ,0,0, , ,NA, , ,493.28499722,14866.5699487,No, ,,
266,281,00-PLOT BOUNDARY-25-03-2022, , , ,0,0, , ,NA, , ,889.376066783,38252.2752346,No, ,,
267,282,00-PLOT BOUNDARY-25-03-2022, , , ,0,0, , ,NA, , ,1259.53313457,96968.9525707,No, ,,
268,283,00-PLOT BOUNDARY-25-03-2022, , , ,0,0, , ,NA, , ,937.514075542,53732.3722137,No, ,,
269,284,00-PLOT BOUNDARY-25-03-2022, , , ,0,0, , ,NA, , ,1122.87341801,72268.3025888,No, ,,
270,285,00-PLOT BOUNDARY-25-03-2022, , , ,0,0, , ,NA, , ,885.462144636,42296.0532752,No, ,,
271,286,00-PLOT BOUNDARY-25-03-2022, , , ,0,0, , ,NA, , ,1197.30031712,74281.4525583,No, ,,
272,287,00-PLOT BOUNDARY-25-03-2022, , , ,0,0, , ,NA, , ,714.35322399,31416.2991066,No, ,,
273,288,00-PLOT BOUNDARY-25-03-2022, , , ,0,0, , ,NA, , ,1728.60241976,166186.323285,No, ,,
274,289,00-PLOT BOUNDARY-25-03-2022, , , ,0,0, , ,NA, , ,1043.82429228,59636.2973762,No, ,,
275,290,00-PLOT BOUNDARY-25-03-2022, , , ,0,0, , ,NA, , ,934.297770017,53188.1168834,No, ,,
276,291,00-PLOT BOUNDARY-25-03-2022, , , ,0,0, , ,NA, , ,939.766230388,53909.292204,No, ,,
277,292,00-PLOT BOUNDARY-25-03-2022, , , ,0,0, , ,NA, , ,1160.29211629,83731.146768,No, ,,
278,293,00-PLOT BOUNDARY-25-03-2022, , , ,0,0, , ,NA, , ,1160.78984548,83808.2443529,No, ,,
279,294,00-PLOT BOUNDARY-25-03-2022, , , ,0,0, , ,NA, , ,1160.78984548,83808.2415782,No, ,,
280,295,00-PLOT BOUNDARY-25-03-2022, , , ,0,0, , ,NA, , ,1160.29201945,83731.1368388,No, ,,
281,296,00-PLOT BOUNDARY-25-03-2022, , , ,0,0, , ,NA, , ,1019.81682906,61972.3011601,No, ,,
282,297,00-PLOT BOUNDARY-25-03-2022, , , ,0,0, , ,NA, , ,897.97404539,50290.8712068,No, ,,
283,298,00-PLOT BOUNDARY-25-03-2022, , , ,0,0, , ,NA, , ,1381.82146047,117618.59039,No, ,,
284,310, ,Phase 1,RD 12,40 MT-ROW,0,21283.56, , ,NA, , ,3.22661091211,0.00153984572647,Road, ,,
285,312, ,Phase 1,RD 12,40 MT-ROW,0,0, , ,NA, , ,1145.31803111,21277.1676786,Road, ,,
286,313, ,Phase 1,14,Plot,12.64,51138.27,13,"RD-10, RD-12",Yes, , ,928.176639961,51138.2690547,Yes,14,,
